characteristic,category,datum_required,symbol,codepoint,unicode_name,codepoint_dedicated_to_gdt,asme_y14_5_2018,iso_1101
Straightness,form,no,⏤,U+23E4,STRAIGHTNESS,yes,active,active
Flatness,form,no,⏥,U+23E5,FLATNESS,yes,active,active
Circularity,form,no,○,U+25CB,WHITE CIRCLE,no,active,active
Cylindricity,form,no,⌭,U+232D,CYLINDRICITY,yes,active,active
Profile of a line,profile,optional,⌒,U+2312,ARC,no,active,active
Profile of a surface,profile,optional,⌓,U+2313,SEGMENT,no,active,active
Angularity,orientation,yes,∠,U+2220,ANGLE,no,active,active
Perpendicularity,orientation,yes,⟂,U+27C2,PERPENDICULAR,no,active,active
Parallelism,orientation,yes,∥,U+2225,PARALLEL TO,no,active,active
Position,location,yes,⌖,U+2316,POSITION INDICATOR,yes,active,active
Concentricity,location,yes,◎,U+25CE,BULLSEYE,no,withdrawn,active
Symmetry,location,yes,⌯,U+232F,SYMMETRY,yes,withdrawn,active
Circular runout,runout,yes,↗,U+2197,NORTH EAST ARROW,no,active,active
Total runout,runout,yes,⌰,U+2330,TOTAL RUNOUT,yes,active,active
